﻿<?xml version="1.0" encoding="utf-8"?><meta xmlns:xsi="http://www.w3.org/2001/XMLSchema-instance" xmlns:xsd="http://www.w3.org/2001/XMLSchema"><project id="6re5Dd1IT9G" courseid="6TrvLZm15OI_course_id" thumburl="story_content/thumbnail.jpg" title="tugas pembatik 3" datepublished="2024-09-18T17:26:48" version="1.0.0.0" flashdata="story_content/data.swf" html5data="mobile/data.json" mobiledata="mobile/data.gz" enabledownload="false" duration="About 5 minutes" totalaudio="276002" totalvideo="11633"><description>


</description><keywords /><slidemeta moniker="slide" monikerplural="slides" viewslides="3" slidecountdescription="3 slides" /><author name="user" email="" website="" /><application name="Articulate Storyline" version="3.20.30234.0" xmlversion="4.0" /></project></meta>